channel_id,call_sign,clean_name,original_name,city_state,city,state,station_num,unique_station_num,gracenote_id,station_id,logo_color,logo_white,Status
PBS_KAKM,KAKM,PBS AK Anchorage (KAKM) [7.1],Alaska Public Media,"Anchorage, AK",Anchorage,AK,7.1,100071,48022,241f6bfb-7b98-4cbd-af3a-3bf219bdb80f,https://image.pbs.org/stations/kakm-color-single-brand-logo-CKvfnQs.png,https://image.pbs.org/stations/kakm-white-single-brand-logo-pglOdRQ.png,Good
PBS_KUAC,KUAC,PBS AK Fairbanks (KUAC) [9.1],KUAC,"Fairbanks, AK",Fairbanks,AK,9.1,100091,44779,8d23bf48-ba7a-449b-97a4-324117f98238,https://image.pbs.org/stations/kuac-color-single-brand-logo-PWUHIg2.png,https://image.pbs.org/stations/kuac-white-single-brand-logo-uYiVvh8.png,Good
PBS_WBIQ,WBIQ,PBS AL Birmingham (WBIQ) [10.1],APT PBS,"Birmingham, AL",Birmingham,AL,10.1,110101,35108,fa2db1d4-85a0-4a75-aa3d-1f5028578d52,https://image.pbs.org/stations/wbiq-color-single-brand-logo-N8IgxM1.png,https://image.pbs.org/stations/wbiq-white-single-brand-logo-nX5hgKr.png,Good
PBS_KETS,KETS,PBS AR Little Rock (KETS) [2.1],Arkansas PBS,"Little Rock, AR",Little Rock,AR,2.1,120021,44002,b5545820-5d66-4396-9f94-b5bd58aa34d9,https://image.pbs.org/stations/kets-color-cobranded-logo-IIG0VMs.png,https://image.pbs.org/stations/kets-white-cobranded-logo-O2tkdxF.png,Good
PBS_KVZK,KVZK,PBS AS Pago Pago (KVZK) [2.0],KVZK/Channel 2,"Pago Pago, AS",Pago Pago,AS,2.0,130020,102536,70f0d0fa-9add-4770-a606-aadd8ef0f775,https://image.pbs.org/stations/kvzk-white-single-brand-logo-BrAa03i.png,https://image.pbs.org/stations/kvzk-white-single-brand-logo-BrAa03i.png,Broken
PBS_KAET,KAET,PBS AZ Phoenix (KAET) [8.1],Arizona PBS,"Phoenix, AZ",Phoenix,AZ,8.1,140081,25102,6d08b852-2c19-4eb7-9348-a5e15b685357,https://image.pbs.org/stations/kaet-color-single-brand-logo-Bz3Oe7u.png,https://image.pbs.org/stations/kaet-white-single-brand-logo-porNahY.png,Good
PBS_KUAT,KUAT,PBS AZ Tucson (KUAT) [6.1],Arizona Public Media,"Tucson, AZ",Tucson,AZ,6.1,140061,35688,3ac0f71f-c3c4-4e14-92ef-ccd30b4daca6,https://image.pbs.org/stations/kuat-color-single-brand-logo-0ogsLRH.png,https://image.pbs.org/stations/kuat-white-single-brand-logo-zA1qB74.png,Good
PBS_KRCB,KRCB,PBS CA Cotati (KRCB) [22.1],Northern California Public Media,"Cotati, CA",Cotati,CA,22.1,150221,35242,08e0ed35-f9dc-4758-9d6d-82c81adcacda,https://image.pbs.org/stations/krcb-color-single-brand-logo-4eMIGN0.png,https://image.pbs.org/stations/krcb-white-single-brand-logo-vtVrxXm.png,Good
PBS_KEET,KEET,PBS CA Eureka (KEET) [13.1],KEET,"Eureka, CA",Eureka,CA,13.1,150131,35319,1b41a3da-967a-40fa-8243-87740f94dbd5,https://image.pbs.org/stations/keet-color-cobranded-logo-yvaPeTZ.png,https://image.pbs.org/stations/keet-white-cobranded-logo-7HXP3Qz.png,Good
PBS_KVPT,KVPT,PBS CA Fresno (KVPT) [18.1],Valley PBS,"Fresno, CA",Fresno,CA,18.1,150181,45729,75d9f10c-76dd-4fe5-a2d6-0fc55d75f1b4,https://image.pbs.org/stations/kvpt-color-cobranded-logo-JjGFFmY.png,https://image.pbs.org/stations/kvpt-white-cobranded-logo-SVM2ECt.png,Good
PBS_KOCE,KOCE,PBS CA Huntington Beach (KOCE) [50.1],PBS SoCal,"Huntington Beach, CA",Huntington Beach,CA,50.1,150581,34544,057f6e22-7d9c-4fd6-b968-bc17102698de,https://image.pbs.org/stations/koce-color-cobranded-logo-adqN8w0.png,https://image.pbs.org/stations/koce-white-cobranded-logo-k8SOpGb.png,Good
PBS_KLCS,KLCS,PBS CA Los Angeles (KLCS) [58.1],KLCS,"Los Angeles, CA",Los Angeles,CA,58.1,150501,43777,c39fde04-f0c0-4f41-b797-a2c14938238b,https://image.pbs.org/stations/klcs-color-cobranded-logo-3qJ91yi.png,https://image.pbs.org/stations/klcs-white-cobranded-logo-Ib6VgMv.png,Good
PBS_KIXE,KIXE,PBS CA Redding (KIXE) [9.1],KIXE/Channel 9,"Redding, CA",Redding,CA,9.1,150091,42680,327603f6-bcbd-4894-b499-9d02bc13c953,https://image.pbs.org/stations/kixe-color-cobranded-logo-X7SCkrz.png,https://image.pbs.org/stations/kixe-white-cobranded-logo-rpdZAxC.png,Good
PBS_KVIE,KVIE,PBS CA Sacramento (KVIE) [6.1],PBS KVIE,"Sacramento, CA",Sacramento,CA,6.1,150061,34197,4d8fea94-86b8-4663-9c69-4c4cb62257e4,https://image.pbs.org/stations/kvie-color-cobranded-logo-8vr1GYl.png,https://image.pbs.org/stations/kvie-white-cobranded-logo-hFTNktc.png,Good
PBS_KVCR,KVCR,PBS CA San Bernardino (KVCR) [24.1],KVCR,"San Bernardino, CA",San Bernardino,CA,24.1,150241,44023,d5fc9451-1456-4ea1-9476-4db346756a96,https://image.pbs.org/stations/kvcr-color-cobranded-logo-Nb43jnp.png,https://image.pbs.org/stations/kvcr-white-cobranded-logo-u5VyrpJ.png,Good
PBS_KPBS,KPBS,PBS CA San Diego (KPBS) [15.1],KPBS San Diego,"San Diego, CA",San Diego,CA,15.1,150151,29024,78ac901f-6484-42ba-a986-71ef34d2cabf,https://image.pbs.org/stations/kpbs-color-single-brand-logo-hGVAGnN.png,https://image.pbs.org/stations/kpbs-white-single-brand-logo-b6skgk4.png,Good
PBS_KQED,KQED,PBS CA San Francisco (KQED) [9.1],KQED,"San Francisco, CA",San Francisco,CA,9.1,151091,24344,1978f5fc-903b-44c5-8db4-76335078ea74,https://image.pbs.org/stations/kqed-color-single-brand-logo-xuD52le.png,https://image.pbs.org/stations/kqed-white-single-brand-logo-N4UYPK9.png,Good
PBS_KBDI,KBDI,PBS CO Broomfield (KBDI) [12.1],PBS12,"Broomfield, CO",Broomfield,CO,12.1,160121,35856,b4721bf0-b2c5-4568-ba88-69954956292f,https://image.pbs.org/stations/kbdi-color-cobranded-logo-9ntGj1S.png,https://image.pbs.org/stations/kbdi-white-cobranded-logo-LXx9kaY.png,Good
PBS_KRMA,KRMA,PBS CO Denver (KRMA) [6.1],Rocky Mountain PBS,"Denver, CO",Denver,CO,6.1,160061,21723,1cebd1cc-9ca8-49e4-8dfc-40aa63a08c6c,https://image.pbs.org/stations/krma-color-cobranded-logo-5wuRPLn.png,https://image.pbs.org/stations/krma-white-cobranded-logo-jbWBD5L.png,Good
PBS_WEDH,WEDH,PBS CT Hartford (WEDH) [24.1],Connecticut Public,"Hartford, CT",Hartford,CT,24.1,170241,53126,d7096786-0d6d-4b42-b1b6-df7934b92fcb,https://image.pbs.org/stations/wedh-color-single-brand-logo-76l7HY6.png,https://image.pbs.org/stations/wedh-white-single-brand-logo-kLCtD4A.png,Good
PBS_WHUT,WHUT,PBS DC Washington (WHUT) [32.1],WHUT - Howard University Television,"Washington, DC",Washington,DC,32.1,180321,59160,722b847a-5e2a-4d14-9429-2d430b10b1ee,https://image.pbs.org/stations/whut-color-single-brand-logo-K8B1xbK.png,https://image.pbs.org/stations/whut-white-single-brand-logo-ieKfaOV.png,Good
PBS_WXEL,WXEL,PBS FL Boynton Beach (WXEL) [42.1],WXEL South Florida PBS,"Boynton Beach, FL",Boynton Beach,FL,42.1,200421,24098,6f553836-7e24-445a-8c3c-cc418aaba9dc,https://image.pbs.org/stations/wxel-color-cobranded-logo-q5DODDu.png,https://image.pbs.org/stations/wxel-white-cobranded-logo-UdbdfIp.png,Good
PBS_WGCU,WGCU,PBS FL Ft Myers (WGCU) [30.1],WGCU Public Media,"Ft Myers, FL",Ft Myers,FL,30.1,200301,34337,19aacc3d-896b-4426-b319-ea0082ef6369,https://image.pbs.org/stations/wgcu-color-cobranded-logo-4WExUqg.png,https://image.pbs.org/stations/wgcu-white-cobranded-logo-gGSUcLj.png,Good
PBS_WUFT,WUFT,PBS FL Gainesville (WUFT) [36.1],Florida's 5 WUFT-TV,"Gainesville, FL",Gainesville,FL,36.1,200361,35102,d437f31a-0cda-416a-8357-ea90b21fc866,https://image.pbs.org/stations/wuft-color-cobranded-logo-iK16pnJ.png,https://image.pbs.org/stations/wuft-white-cobranded-logo-gJcfbOo.png,Good
PBS_WJCT,WJCT,PBS FL Jacksonville (WJCT) [7.1],Jax PBS,"Jacksonville, FL",Jacksonville,FL,7.1,200071,34930,5eee712c-8713-4283-8af1-c0ba9d25d6fd,https://image.pbs.org/stations/wjct-color-cobranded-logo-HY1ohKx.png,https://image.pbs.org/stations/wjct-white-cobranded-logo-xJrxRxV.png,Good
PBS_WLRN,WLRN,PBS FL Miami (WLRN) [17.1],WLRN Public Media,"Miami, FL",Miami,FL,17.1,200171,19585,8f70a678-a636-4dfa-873e-699f0212f78b,https://image.pbs.org/stations/wlrn-color-cobranded-logo-gsKo7Tp.png,https://image.pbs.org/stations/wlrn-white-cobranded-logo-qQDomUy.png,Good
PBS_WPBT,WPBT,PBS FL Miami (WPBT) [2.1],WPBT South Florida PBS,"Miami, FL",Miami,FL,2.1,200021,26192,b2c0d4c6-4544-4bb3-8d2d-bc803c5d7381,https://image.pbs.org/stations/wpbt-color-cobranded-logo-QKMOlbI.png,https://image.pbs.org/stations/wpbt-white-cobranded-logo-bkt07uY.png,Good
PBS_WUCF,WUCF,PBS FL Orlando (WUCF) [24.1],WUCF,"Orlando, FL",Orlando,FL,24.1,200241,35220,70dc9cfa-54dd-47f1-8039-e518544fd496,https://image.pbs.org/stations/wucf-color-cobranded-logo-vRsxUz5.png,https://image.pbs.org/stations/wucf-white-cobranded-logo-xgf5nBw.png,Good
PBS_WSRE,WSRE,PBS FL Pensacola (WSRE) [23.1],WSRE PBS,"Pensacola, FL",Pensacola,FL,23.1,200231,27128,fc47f495-57b9-4aea-bb6b-d2ce52b74ea1,https://image.pbs.org/stations/wsre-color-cobranded-logo-C8DUfBI.png,https://image.pbs.org/stations/wsre-white-cobranded-logo-vC8oDCh.png,Good
PBS_WFSU,WFSU,PBS FL Tallahassee (WFSU) [11.1],WFSU,"Tallahassee, FL",Tallahassee,FL,11.1,200111,35387,da7db8ae-5c3b-450e-9a25-76aa661eac79,https://image.pbs.org/stations/wfsu-color-cobranded-logo-ok3uUgp.png,https://image.pbs.org/stations/wfsu-white-cobranded-logo-DMhhXez.png,Good
PBS_WEDU,WEDU,PBS FL Tampa (WEDU) [3.1],WEDU PBS,"Tampa, FL",Tampa,FL,3.1,200031,35193,c4ab80c1-ca8c-4a6e-a8b5-c5995919792b,https://image.pbs.org/stations/wedu-color-cobranded-logo-87oN0he.png,https://image.pbs.org/stations/wedu-white-cobranded-logo-8EfAhhe.png,Good
PBS_WGTV,WGTV,PBS GA Athens (WGTV) [8.1],GPB,"Athens, GA",Athens,GA,8.1,210081,59210,a4907776-c769-452f-ab2f-74bb1f86676f,https://image.pbs.org/stations/wgtv-color-single-brand-logo-2rmOawe.png,https://image.pbs.org/stations/wgtv-white-single-brand-logo-EXAELnB.png,Good
PBS_WABE,WABE,PBS GA Atlanta (WABE) [30.1],WABE,"Atlanta, GA",Atlanta,GA,30.1,210301,45073,58f6618f-24b3-4555-89f1-ba5007266ee1,https://image.pbs.org/stations/wpba-color-single-brand-logo-OAg1zq0.png,https://image.pbs.org/stations/wpba-white-single-brand-logo-1gSkOFJ.png,Good
PBS_KGTF,KGTF,PBS GU Barrigada (KGTF) [12.1],PBS Guam,"Barrigada, GU",Barrigada,GU,12.1,220121,63880,9493af36-fa12-4fcf-bdbe-29c2e9d48894,https://image.pbs.org/stations/kgtf-color-cobranded-logo-4x57ny7.png,https://image.pbs.org/stations/kgtf-white-cobranded-logo-X7TdEhr.png,Good
PBS_KHET,KHET,PBS HI Honolulu (KHET) [11.1],PBS Hawaiʻi,"Honolulu, HI",Honolulu,HI,11.1,230111,49918,9d8087c6-c29a-4a47-86ee-0db85c3fb2dc,https://image.pbs.org/stations/khet-color-single-brand-logo-TPvEfAd.png,https://image.pbs.org/stations/khet-white-single-brand-logo-Aq83HSY.png,Good
PBS_KDIN,KDIN,PBS IA Des Moines (KDIN) [11.1],Iowa PBS,"Des Moines, IA",Des Moines,IA,11.1,240111,27422,4b65e70a-e262-4290-ae67-45bd0814cafd,https://image.pbs.org/stations/kdin-color-cobranded-logo-EZAa8DQ.png,https://image.pbs.org/stations/kdin-white-cobranded-logo-wf2g8Yz.png,Good
PBS_KAID,KAID,PBS ID Boise (KAID) [4.1],Idaho Public Television,"Boise, ID",Boise,ID,4.1,250041,28027,8a949120-ff4f-4d71-9c96-ca4978e3b39a,https://image.pbs.org/stations/kaid-color-cobranded-logo-uWaE8UA.png,https://image.pbs.org/stations/kaid-white-cobranded-logo-kbbzgPj.png,Good
PBS_WSIU,WSIU,PBS IL Carbondale (WSIU) [8.1],WSIU Carbondale,"Carbondale, IL",Carbondale,IL,8.1,260081,43761,e3e5cc8c-f21e-4b50-aede-55479f8c5eb8,https://image.pbs.org/stations/wsiu-color-single-brand-logo-YjquRUl.png,https://image.pbs.org/stations/wsiu-white-single-brand-logo-WmY3USQ.png,Good
PBS_WEIU,WEIU,PBS IL Charleston (WEIU) [51.1],WEIU/Channel 51,"Charleston, IL",Charleston,IL,51.1,260511,51891,85af7dd6-89ae-4fde-9826-79b04c30aaa4,https://image.pbs.org/stations/weiu-color-cobranded-logo-JkTzcMN.png,https://image.pbs.org/stations/weiu-white-cobranded-logo-CFhnIkE.png,Good
PBS_WTTW,WTTW,PBS IL Chicago (WTTW) [11.1],WTTW,"Chicago, IL",Chicago,IL,11.1,260111,30415,8030a253-4b34-463e-82e2-ec0726e24e58,https://image.pbs.org/stations/wttw-color-single-brand-logo-CQGSVeo.png,https://image.pbs.org/stations/wttw-white-single-brand-logo-KfoOZwt.png,Good
PBS_WQPT,WQPT,PBS IL Moline (WQPT) [24.1],WQPT PBS,"Moline, IL",Moline,IL,24.1,260241,34723,d431813a-086d-4a12-917a-d160f6b5c4c7,https://image.pbs.org/stations/wqpt-color-cobranded-logo-kwZNIhd.png,https://image.pbs.org/stations/wqpt-white-cobranded-logo-OARz3SL.png,Good
PBS_WTVP,WTVP,PBS IL Peoria (WTVP) [47.1],"WTVP, Public Media for Central Illinois","Peoria, IL",Peoria,IL,47.1,260471,28680,41427091-bd65-483d-bdb5-9a4159a5d93e,https://image.pbs.org/stations/wtvp-color-cobranded-logo-977FFXE.png,https://image.pbs.org/stations/wtvp-white-cobranded-logo-XaZfssZ.png,Good
PBS_WILL,WILL,PBS IL Urbana (WILL) [12.1],WILL-TV,"Urbana, IL",Urbana,IL,12.1,260121,48305,11bd36cd-46d5-4c3a-bdc8-ae497a23c712,https://image.pbs.org/stations/will-color-cobranded-logo-q3ksuHa.png,https://image.pbs.org/stations/will-white-cobranded-logo-PDlObhT.png,Good
PBS_WTIU,WTIU,PBS IN Bloomington (WTIU) [30.1],WTIU Public Television,"Bloomington, IN",Bloomington,IN,30.1,270301,35550,4e2e0d20-9a95-4d3d-81a7-25e391d9883e,https://image.pbs.org/stations/wtiu-color-single-brand-logo-wFkvm5m.png,https://image.pbs.org/stations/wtiu-white-single-brand-logo-3GErkZS.png,Good
PBS_WNIN,WNIN,PBS IN Evansville (WNIN) [9.1],WNIN,"Evansville, IN",Evansville,IN,9.1,270091,33419,b7b39443-4f87-4569-85f9-ad0594029964,https://image.pbs.org/stations/wnin-color-cobranded-logo-ohCzizo.png,https://image.pbs.org/stations/wnin-white-cobranded-logo-5MiF4N1.png,Good
PBS_WFWA,WFWA,PBS IN Fort Wayne (WFWA) [39.1],PBS Fort Wayne,"Fort Wayne, IN",Fort Wayne,IN,39.1,270391,43720,3f02e9df-66c8-4f3d-8f51-a76c7255a45d,https://image.pbs.org/stations/wfwa-color-cobranded-logo-Eh9AO96.png,https://image.pbs.org/stations/wfwa-white-cobranded-logo-vasD4qj.png,Good
PBS_WYIN,WYIN,PBS IN Gary (WYIN) [56.1],Lakeshore PBS,"Gary, IN",Gary,IN,56.1,270201,49237,473411db-09f0-4b27-99a9-c15e827ba9c3,https://image.pbs.org/stations/wyin-color-cobranded-logo-TbS5wUb.png,https://image.pbs.org/stations/wyin-white-cobranded-logo-ZXvoJeO.png,Good
PBS_WFYI,WFYI,PBS IN Indianapolis (WFYI) [20.1],WFYI Indianapolis,"Indianapolis, IN",Indianapolis,IN,20.1,270561,33787,046a9b3c-01b4-42b1-b789-83555437476d,https://image.pbs.org/stations/wfyi-color-single-brand-logo-aHBSRNU.png,https://image.pbs.org/stations/wfyi-white-single-brand-logo-t26azTo.png,Good
PBS_WIPB,WIPB,PBS IN Muncie (WIPB) [49.1],Ball State PBS,"Muncie, IN",Muncie,IN,49.1,270491,49131,ab7e7061-dee0-4905-bf2c-5acd1888ace0,https://image.pbs.org/stations/wipb-color-cobranded-logo-oqovSvs.png,https://image.pbs.org/stations/wipb-white-cobranded-logo-VUNYHvX.png,Good
PBS_WNIT,WNIT,PBS IN South Bend (WNIT) [34.1],PBS Michiana,"South Bend, IN",South Bend,IN,34.1,270341,42848,4e7fdf7b-c8dc-4376-8de4-b78ef29edf73,https://image.pbs.org/stations/wnit-color-cobranded-logo-ZYlvuGx.png,https://image.pbs.org/stations/wnit-white-cobranded-logo-szgPgUV.png,Good
PBS_WVUT,WVUT,PBS IN Vincennes (WVUT) [22.1],Vincennes PBS,"Vincennes, IN",Vincennes,IN,22.1,270221,43712,d6e2cccf-df68-47ab-8d8f-2d28ee301ff1,https://image.pbs.org/stations/wvut-color-cobranded-logo-YXSJnLG.png,https://image.pbs.org/stations/wvut-white-cobranded-logo-9rZZAJr.png,Good
PBS_KOOD,KOOD,PBS KS Bunker Hill (KOOD) [9.1],Smoky Hills PBS,"Bunker Hill, KS",Bunker Hill,KS,9.1,280091,34597,42bf8024-6bd7-4a3f-b945-00a9ae88e8f1,https://image.pbs.org/stations/kood-color-cobranded-logo-9M3XBLL.png,https://image.pbs.org/stations/kood-white-cobranded-logo-U8kNrJF.png,Good
PBS_KTWU,KTWU,PBS KS Topeka (KTWU) [11.1],KTWU/Channel 11,"Topeka, KS",Topeka,KS,11.1,280111,34228,164fbea8-3e32-44f3-a701-20ad6de50b72,https://image.pbs.org/stations/ktwu-color-single-brand-logo-aW2G3PU.png,https://image.pbs.org/stations/ktwu-white-single-brand-logo-Mbvadph.png,Good
PBS_KPTS,KPTS,PBS KS Wichita (KPTS) [8.1],PBS Kansas Public Television,"Wichita, KS",Wichita,KS,8.1,280081,33511,f8cd0e67-9e8d-464d-aaf1-f7874f5f6ae6,https://image.pbs.org/stations/kpts-color-cobranded-logo-THeGpUD.png,https://image.pbs.org/stations/kpts-white-cobranded-logo-VwL2hAd.png,Good
PBS_WKYU,WKYU,PBS KY Bowling Green (WKYU) [24.1],WKU Public Broadcasting,"Bowling Green, KY",Bowling Green,KY,24.1,290241,36143,c7ccd576-ca7b-4129-903b-d893ffea3260,https://image.pbs.org/stations/wkyu-color-cobranded-logo-fN2wihy.png,https://image.pbs.org/stations/wkyu-white-cobranded-logo-SI7q6Z8.png,Good
PBS_WKLE,WKLE,PBS KY Lexington (WKLE) [46.1],KET - Kentucky Educational Television,"Lexington, KY",Lexington,KY,46.1,290461,29020,61059d95-3011-4270-b9d1-17b88ca25b13,https://image.pbs.org/stations/wkle-color-single-brand-logo-OAnywhf.png,https://image.pbs.org/stations/wkle-white-single-brand-logo-AlLcWBq.png,Good
PBS_WLPB,WLPB,PBS LA Baton Rouge (WLPB) [27.1],LPB/LOUISIANA PUBLIC BROADCASTING,"Baton Rouge, LA",Baton Rouge,LA,27.1,300271,24958,3b9285dd-13b3-4fec-a9b0-02b57dd8c7ba,https://image.pbs.org/stations/wlpb-color-single-brand-logo-YwxZbmQ.png,https://image.pbs.org/stations/wlpb-white-single-brand-logo-6AYfuaH.png,Good
PBS_WYES,WYES,PBS LA New Orleans (WYES) [12.1],WYES-TV/New Orleans,"New Orleans, LA",New Orleans,LA,12.1,300121,44907,6c0e9c73-3ad2-45c6-9741-1aa36878006a,https://image.pbs.org/stations/wyes-color-cobranded-logo-ZGeL8mv.png,https://image.pbs.org/stations/wyes-white-cobranded-logo-cuB1Q89.png,Good
PBS_WGBH,WGBH,PBS MA Boston (WGBH) [2.1],GBH,"Boston, MA",Boston,MA,2.1,310021,28055,7387eb2c-e0ce-4069-82d9-08865df87edf,https://image.pbs.org/stations/wgbh-color-single-brand-logo-FDYcuDI.png,https://image.pbs.org/stations/wgbh-white-single-brand-logo-gX4UnNN.png,Good
PBS_WGBY,WGBY,PBS MA Springfield (WGBY) [57.1],New England Public Media,"Springfield, MA",Springfield,MA,57.1,310571,21897,b62fa183-78dc-41d7-bd8a-12602304b118,https://image.pbs.org/stations/wgby-color-single-brand-logo-TwC3wb8.png,https://image.pbs.org/stations/wgby-white-single-brand-logo-uuqyCzZ.png,Good
PBS_WMPB,WMPB,PBS MD Owings Mills (WMPB) [67.1],MPT/Maryland Public Television,"Owings Mills, MD",Owings Mills,MD,67.1,320671,46199,fdb26654-eed0-4858-aa50-a84b538f4747,https://image.pbs.org/stations/wmpb-color-single-brand-logo-3WqIZmJ.png,https://image.pbs.org/stations/wmpb-white-single-brand-logo-dwYo9OV.png,Good
PBS_WCBB,WCBB,PBS ME Lewiston (WCBB) [10.1],Maine Public,"Lewiston, ME",Lewiston,ME,10.1,330101,21725,48bc2487-14e0-4875-a893-58a0b06ec29e,https://image.pbs.org/stations/wcbb-color-single-brand-logo-Bvv2GbM.png,https://image.pbs.org/stations/wcbb-white-single-brand-logo-C8UyX8p.png,Good
PBS_WKAR,WKAR,PBS MI East Lansing (WKAR) [23.1],WKAR-TV,"East Lansing, MI",East Lansing,MI,23.1,340231,42529,357a5517-94ea-409b-8985-f9dc57c82b5f,https://image.pbs.org/stations/wkar-color-cobranded-logo-VMMyDkc.png,https://image.pbs.org/stations/wkar-white-cobranded-logo-SUKSuWo.png,Good
PBS_WGVU,WGVU,PBS MI Grand Rapids (WGVU) [35.1],WGVU TV,"Grand Rapids, MI",Grand Rapids,MI,35.1,340351,43708,2a6939f7-894c-456c-9c1c-56185bd0a3c4,https://image.pbs.org/stations/wgvu-color-cobranded-logo-mbLXXeg.png,https://image.pbs.org/stations/wgvu-white-cobranded-logo-Srf2iav.png,Good
PBS_WNMU,WNMU,PBS MI Marquette (WNMU) [13.1],WNMU-TV PBS,"Marquette, MI",Marquette,MI,13.1,340131,44220,a3abb950-c4d6-43b8-9299-94556c0ad751,https://image.pbs.org/stations/wnmu-color-cobranded-logo-7MChUjy.png,https://image.pbs.org/stations/wnmu-white-cobranded-logo-dVkUZSD.png,Good
PBS_WCMU,WCMU,PBS MI Mt Pleasant (WCMU) [14.1],WCMU Public Television,"Mt Pleasant, MI",Mt Pleasant,MI,14.1,340141,66291,e435c068-30ee-4296-a9f0-58a561ea9487,https://image.pbs.org/stations/wcmu-color-cobranded-logo-0YMvnSJ.png,https://image.pbs.org/stations/wcmu-white-cobranded-logo-LepgnY1.png,Good
PBS_WDCQ,WDCQ,PBS MI University Center (WDCQ) [19.1],Delta College Public Media,"University Center, MI",University Center,MI,19.1,340191,35728,d94cacc2-0123-4850-a15c-d5c4e78310f0,https://image.pbs.org/stations/wdcq-color-cobranded-logo-NzJPicn.png,https://image.pbs.org/stations/wdcq-white-cobranded-logo-hmiUoZY.png,Good
PBS_WTVS,WTVS,PBS MI Wixom (WTVS) [56.1],Detroit PBS,"Wixom, MI",Wixom,MI,56.1,340561,25512,7f382f2c-72eb-4e19-ba1b-1d6d143ae841,https://image.pbs.org/stations/wtvs-color-cobranded-logo-qPfWWgg.png,https://image.pbs.org/stations/wtvs-white-cobranded-logo-GBBu9aR.png,Good
PBS_KSMQ,KSMQ,PBS MN Austin (KSMQ) [15.1],KSMQ Public Television,"Austin, MN",Austin,MN,15.1,350151,35081,a8919c6f-2476-4e73-9f94-c3f1266e85b3,https://image.pbs.org/stations/ksmq-color-cobranded-logo-X2uit9w.png,https://image.pbs.org/stations/ksmq-white-cobranded-logo-as1uuMW.png,Good
PBS_KAWE,KAWE,PBS MN Bemidji (KAWE) [9.1],Lakeland PBS,"Bemidji, MN",Bemidji,MN,9.1,350091,35622,bb77b7f7-78ec-4134-aa62-3902aeca6169,https://image.pbs.org/stations/kawe-color-cobranded-logo-iE3QsVT.png,https://image.pbs.org/stations/kawe-white-cobranded-logo-OPfiF9g.png,Good
PBS_WDSE,WDSE,PBS MN Duluth (WDSE) [8.1],WDSE - WRPT,"Duluth, MN",Duluth,MN,8.1,350081,43683,38c2df8a-4e7e-4193-8cc6-8704059cbb1a,https://image.pbs.org/stations/wdse-color-cobranded-logo-P2nzl7Z.png,https://image.pbs.org/stations/wdse-white-cobranded-logo-70rcWLN.png,Good
PBS_KWCM,KWCM,PBS MN Granite Falls (KWCM) [10.1],Pioneer PBS,"Granite Falls, MN",Granite Falls,MN,10.1,350101,54479,3c88d7e0-5940-41e0-b7b7-30f728b3ea46,https://image.pbs.org/stations/kwcm-color-single-brand-logo-l7H8gRR.png,https://image.pbs.org/stations/kwcm-white-cobranded-logo-rbnw2gs.png,Good
PBS_KTCA,KTCA,PBS MN St Paul (KTCA) [2.1],Twin Cities PBS,"St Paul, MN",St Paul,MN,2.1,350021,21634,3742dff1-85cd-42d1-ab39-7ffa8ef10211,https://image.pbs.org/stations/ktca-color-single-brand-logo-NK3MAIo.png,https://image.pbs.org/stations/ktca-white-single-brand-logo-h6zToTp.png,Good
PBS_KCPT,KCPT,PBS MO Kansas City (KCPT) [19.1],Kansas City PBS,"Kansas City, MO",Kansas City,MO,19.1,360191,19654,b053c129-9506-40e4-810a-7b610b62e58d,https://image.pbs.org/stations/kcpt-color-cobranded-logo-gWmfwnu.png,https://image.pbs.org/stations/kcpt-white-cobranded-logo-EbzOCA3.png,Good
PBS_KOZK,KOZK,PBS MO Springfield (KOZK) [21.1],Ozarks Public Television,"Springfield, MO",Springfield,MO,21.1,360211,47825,04b9a7e1-c148-41d7-80fc-8304588f5426,https://image.pbs.org/stations/kozk-color-single-brand-logo-4J6w0Sm.png,https://image.pbs.org/stations/kozk-white-single-brand-logo-9T3GU4H.png,Good
PBS_KETC,KETC,PBS MO St Louis (KETC) [9.1],Nine PBS,"St Louis, MO",St Louis,MO,9.1,360091,32057,0436e066-85c7-408b-a4fd-5b492ccb5fd8,https://image.pbs.org/stations/ketc-color-cobranded-logo-mDXc46t.png,https://image.pbs.org/stations/ketc-white-cobranded-logo-9bNyIya.png,Good
PBS_KMOS,KMOS,PBS MO Warrensburg (KMOS) [6.1],KMOS-TV,"Warrensburg, MO",Warrensburg,MO,6.1,360061,34696,7dd0e811-0ad6-4a39-a579-f2cbb20d9800,https://image.pbs.org/stations/kmos-color-cobranded-logo-D8VJeg5.png,https://image.pbs.org/stations/kmos-white-cobranded-logo-8fbvfCZ.png,Good
PBS_WMPN,WMPN,PBS MS Jackson (WMPN) [29.1],mpb,"Jackson, MS",Jackson,MS,29.1,380291,19602,5598653f-dc4d-4911-9d99-260b3453f6a1,https://image.pbs.org/stations/wmpn-color-single-brand-logo-r01V5ut.png,https://image.pbs.org/stations/wmpn-white-single-brand-logo-eqlMNok.png,Good
PBS_KUSM,KUSM,PBS MT Bozeman (KUSM) [9.1],Montana PBS,"Bozeman, MT",Bozeman,MT,9.1,390091,43025,e588e03b-d9c4-4988-aba1-94a3b98e88c2,https://image.pbs.org/stations/kusm-color-cobranded-logo-39WLnn8.png,https://image.pbs.org/stations/kusm-white-cobranded-logo-NwVWhG8.png,Good
PBS_WUNC,WUNC,PBS NC Chapel Hill (WUNC) [4.1],PBS North Carolina,"Chapel Hill, NC",Chapel Hill,NC,4.1,400421,44712,fa2384b8-9593-4d58-a129-4deb3a1f764a,https://image.pbs.org/stations/wunc-color-cobranded-logo-rDOxVbV.png,https://image.pbs.org/stations/wunc-white-cobranded-logo-dblFsVz.png,Good
PBS_WTVI,WTVI,PBS NC Charlotte (WTVI) [42.1],PBS Charlotte,"Charlotte, NC",Charlotte,NC,42.1,400041,30293,b44fd824-0168-46e3-bcb8-6322cf4c1e11,https://image.pbs.org/stations/wtvi-color-cobranded-logo-K8AIvnk.png,https://image.pbs.org/stations/wtvi-white-cobranded-logo-GGM9EeH.png,Good
PBS_KFME,KFME,PBS ND Fargo (KFME) [13.1],Prairie Public,"Fargo, ND",Fargo,ND,13.1,410131,45475,59cb0666-d4b9-49a8-9738-e84f5e9392f7,https://image.pbs.org/stations/kfme-color-single-brand-logo-squYAFY.png,https://image.pbs.org/stations/kfme-white-single-brand-logo-K8vYH6x.png,Good
PBS_KUON,KUON,PBS NE Lincoln (KUON) [12.1],Nebraska Public Media,"Lincoln, NE",Lincoln,NE,12.1,420121,33812,b107784d-680c-48d5-8d48-ccb870cbb9dc,https://image.pbs.org/stations/kuon-color-single-brand-logo-XlBmNqx.png,https://image.pbs.org/stations/kuon-white-single-brand-logo-IAyqbpV.png,Good
PBS_WENH,WENH,PBS NH Durham (WENH) [11.1],New Hampshire PBS,"Durham, NH",Durham,NH,11.1,430111,25002,5be2a7e3-fc57-471e-80ff-c5ea79229078,https://image.pbs.org/stations/wenh-color-cobranded-logo-I1seXpP.png,https://image.pbs.org/stations/wenh-white-cobranded-logo-r6bEg5D.png,Good
PBS_WNJT,WNJT,PBS NJ Trenton (WNJT) [23.1],NJ PBS,"Trenton, NJ",Trenton,NJ,23.1,440231,21652,63b643e1-1a13-4dd9-9bab-ff6f7527715f,https://image.pbs.org/stations/wnjt-color-cobranded-logo-3RDiOdA.png,https://image.pbs.org/stations/wnjt-white-cobranded-logo-ZNODI9M.png,Good
PBS_KNME,KNME,PBS NM Albuquerque (KNME) [5.1],"New Mexico PBS, KNME-TV","Albuquerque, NM",Albuquerque,NM,5.1,450051,29021,97ba98c8-6deb-47b8-9809-2d1f3cc299bf,https://image.pbs.org/stations/knme-color-cobranded-logo-6ajvWyC.png,https://image.pbs.org/stations/knme-white-cobranded-logo-sCCQvum.png,Good
PBS_KRWG,KRWG,PBS NM Las Cruces (KRWG) [22.1],KRWG Public Media,"Las Cruces, NM",Las Cruces,NM,22.1,450221,42519,fe731d89-e3b5-4a29-b4cc-6118c163a83d,https://image.pbs.org/stations/krwg-color-single-brand-logo-KijmkV0.png,https://image.pbs.org/stations/krwg-white-single-brand-logo-nFVCFzk.png,Good
PBS_KENW,KENW,PBS NM Portales (KENW) [3.2],KENW-TV3,"Portales, NM",Portales,NM,3.2,450032,34439,90a9e431-b5ac-4de4-868f-1f9dbfe8b101,https://image.pbs.org/stations/kenw-color-cobranded-logo-xMkCftu.png,https://image.pbs.org/stations/kenw-white-cobranded-logo-zfWh8zr.png,Good
PBS_KLVX,KLVX,PBS NV Las Vegas (KLVX) [10.1],Vegas PBS,"Las Vegas, NV",Las Vegas,NV,10.1,460101,30461,ca45083b-e314-4063-bd2e-0d614f01ea43,https://image.pbs.org/stations/klvx-color-cobranded-logo-xVjR7SI.png,https://image.pbs.org/stations/klvx-white-cobranded-logo-o6OTyyH.png,Good
PBS_KNPB,KNPB,PBS NV Reno (KNPB) [5.1],PBS Reno,"Reno, NV",Reno,NV,5.1,460051,24934,6a6a875e-4af4-4e1e-8502-422071b9cdac,https://image.pbs.org/stations/knpb-color-cobranded-logo-Y7ubSS4.png,https://image.pbs.org/stations/knpb-white-cobranded-logo-0euT8fO.png,Good
PBS_WSKG,WSKG,PBS NY Binghampton (WSKG) [46.1],WSKG Public Media,"Binghampton, NY",Binghampton,NY,46.1,470171,42767,2d4742f8-8053-4ea5-8aab-1494fd1822c5,https://image.pbs.org/stations/wskg-color-cobranded-logo-fnDQwYg.png,https://image.pbs.org/stations/wskg-white-cobranded-logo-grYckEP.png,Good
PBS_WNED,WNED,PBS NY Buffalo (WNED) [17.1],BTPM PBS,"Buffalo, NY",Buffalo,NY,17.1,470461,34915,7e1c137a-9e83-4416-8b5a-b81042382e91,https://image.pbs.org/stations/wned-color-cobranded-logo-6KBsBya.png,https://image.pbs.org/stations/wned-white-cobranded-logo-ooNHozi.png,Good
PBS_WLIW,WLIW,PBS NY Garden City (WLIW) [21.1],WLIW21,"Garden City, NY",Garden City,NY,21.1,470211,34325,a58c2765-7e77-4114-9668-75920022c6bc,https://image.pbs.org/stations/wliw-color-cobranded-logo-I3cfnYz.png,https://image.pbs.org/stations/wliw-white-cobranded-logo-8IAb32f.png,Good
PBS_WNET,WNET,PBS NY New York City (WNET) [13.1],THIRTEEN PBS,"New York City, NY",New York City,NY,13.1,470171,26182,80f93f7f-9742-47b8-aa58-0c0ceb866d9f,https://image.pbs.org/stations/wnet-color-cobranded-logo-GXznsKF.png,https://image.pbs.org/stations/wnet-white-cobranded-logo-6JreKyp.png,Good
PBS_WCFE,WCFE,PBS NY Plattsburgh (WCFE) [57.1],Mountain Lake PBS,"Plattsburgh, NY",Plattsburgh,NY,57.1,470131,44368,bf21732a-f52f-46ca-bbb6-4ae9663a94bf,https://image.pbs.org/stations/wcfe-color-cobranded-logo-q9QJoDW.png,https://image.pbs.org/stations/wcfe-white-cobranded-logo-SGSQWNT.png,Good
PBS_WXXI,WXXI,PBS NY Rochester (WXXI) [21.1],WXXI Public Broadcasting,"Rochester, NY",Rochester,NY,21.1,471571,34355,d518ca7e-a094-4362-832b-ae1d426d3729,https://image.pbs.org/stations/wxxi-color-single-brand-logo-kLYPr3a.png,https://image.pbs.org/stations/wxxi-white-single-brand-logo-GeAjVmv.png,Good
PBS_WCNY,WCNY,PBS NY Syracuse (WCNY) [24.1],WCNY Connected,"Syracuse, NY",Syracuse,NY,24.1,470211,32074,93eee638-f89d-42d3-83b2-c31b1082424a,https://image.pbs.org/stations/wcny-color-cobranded-logo-phmt23z.png,https://image.pbs.org/stations/wcny-white-cobranded-logo-VTYRecY.png,Good
PBS_WMHT,WMHT,PBS NY Troy (WMHT) [17.1],WMHT,"Troy, NY",Troy,NY,17.1,471241,32464,0777611a-56f1-4668-8094-932ae7498998,https://image.pbs.org/stations/wmht-color-single-brand-logo-bnC6jYD.png,https://image.pbs.org/stations/wmht-white-single-brand-logo-DWGFROU.png,Good
PBS_WPBS,WPBS,PBS NY Watertown (WPBS) [16.1],WPBS,"Watertown, NY",Watertown,NY,16.1,470161,49808,c17cb584-9efe-46fc-ac91-3fb453714069,https://image.pbs.org/stations/wpbs-color-cobranded-logo-TrmdjC5.png,https://image.pbs.org/stations/wpbs-white-cobranded-logo-D6ieoCa.png,Good
PBS_WOUB,WOUB,PBS OH Athens (WOUB) [20.1],WOUB/WOUC,"Athens, OH",Athens,OH,20.1,480201,25001,4dc91f2b-0076-46d9-ba82-0c9130cde12c,https://image.pbs.org/stations/woub-color-cobranded-logo-dAsNoih.png,https://image.pbs.org/stations/woub-white-cobranded-logo-Tm8RKZx.png,Good
PBS_WBGU,WBGU,PBS OH Bowling Green (WBGU) [27.1],WBGU-TV,"Bowling Green, OH",Bowling Green,OH,27.1,480271,35058,95a51146-e569-4607-b48c-6eec67749c2e,https://image.pbs.org/stations/wbgu-color-cobranded-logo-2cXHrgS.png,https://image.pbs.org/stations/wbgu-white-cobranded-logo-NN9dYfn.png,Good
PBS_WCET,WCET,PBS OH Cincinnati (WCET) [48.1],CET,"Cincinnati, OH",Cincinnati,OH,48.1,480481,33147,c9f75fe6-8da0-4bcb-a085-531edb49ca89,https://image.pbs.org/stations/wcet-color-single-brand-logo-GoZ0QDe.png,https://image.pbs.org/stations/wcet-white-single-brand-logo-lBLc41S.png,Good
PBS_WVIZ,WVIZ,PBS OH Cleveland (WVIZ) [25.1],Ideastream,"Cleveland, OH",Cleveland,OH,25.1,480251,44366,58a3da14-85c6-4760-807e-9ec6807d89c4,https://image.pbs.org/stations/wviz-color-cobranded-logo-Di0tIvT.png,https://image.pbs.org/stations/wviz-white-cobranded-logo-lsIhKZ2.png,Good
PBS_WOSU,WOSU,PBS OH Columbus (WOSU) [34.1],WOSU TV,"Columbus, OH",Columbus,OH,34.1,480341,35891,ba216f45-d78e-41cf-a23e-2026f3c99a5a,https://image.pbs.org/stations/wosu-color-cobranded-logo-Mwaqe5i.png,https://image.pbs.org/stations/wosu-white-cobranded-logo-aA7O3Ln.png,Good
PBS_WPTD,WPTD,PBS OH Dayton (WPTD) [16.1],ThinkTVNetwork,"Dayton, OH",Dayton,OH,16.1,480161,33540,7bad8720-1c01-4189-ad48-4b203e571b94,https://image.pbs.org/stations/wptd-color-single-brand-logo-DKvKyVf.png,https://image.pbs.org/stations/wptd-white-single-brand-logo-wLrO4zS.png,Good
PBS_WNEO,WNEO,PBS OH Kent (WNEO) [45.1],PBS Western Reserve,"Kent, OH",Kent,OH,45.1,480451,35489,dee8be27-fb3f-4369-a20d-6b36755b71ac,https://image.pbs.org/stations/wneo-color-cobranded-logo-4vaSBCx.png,https://image.pbs.org/stations/wneo-white-cobranded-logo-8aXW2Gy.png,Good
PBS_WGTE,WGTE,PBS OH Toledo (WGTE) [30.1],WGTE Public Media,"Toledo, OH",Toledo,OH,30.1,480301,36205,2bff28d0-08be-43a9-9dc0-6d3584e278d6,https://image.pbs.org/stations/wgte-color-single-brand-logo-Q1Fhg2x.png,https://image.pbs.org/stations/wgte-white-single-brand-logo-PSz4spx.png,Good
PBS_KETA,KETA,PBS OK Oklahoma City (KETA) [13.1],Oklahoma Educational Television Authority,"Oklahoma City, OK",Oklahoma City,OK,13.1,490131,43184,edf8065c-f56a-42f7-a7aa-f5267eb9ffc9,https://image.pbs.org/stations/keta-color-single-brand-logo-jXYvEuY.png,https://image.pbs.org/stations/keta-white-single-brand-logo-geUi0j1.png,Good
PBS_KSYS,KSYS,PBS OR Medford (KSYS) [8.1],Southern Oregon PBS,"Medford, OR",Medford,OR,8.1,500081,42622,0ab83f3a-3210-4904-ac59-c3fc08fa24a9,https://image.pbs.org/stations/ksys-color-cobranded-logo-sJv2qEz.png,https://image.pbs.org/stations/ksys-white-cobranded-logo-ZF2TX4v.png,Good
PBS_KOPB,KOPB,PBS OR Portland (KOPB) [10.1],OPB,"Portland, OR",Portland,OR,10.1,500101,19609,908d1940-5074-4a1e-b111-169206513fef,https://image.pbs.org/stations/kopb-color-single-brand-logo-xPrb6oK.png,https://image.pbs.org/stations/kopb-white-single-brand-logo-NKtgQAT.png,Good
PBS_WLVT,WLVT,PBS PA Allentown (WLVT) [39.1],PBS39,"Allentown, PA",Allentown,PA,39.1,510391,24783,43e7850f-48a2-4e3e-b045-c880ea935fbd,https://image.pbs.org/stations/wlvt-color-single-brand-logo-yxa3feS.png,https://image.pbs.org/stations/wlvt-white-single-brand-logo-58jx1nk.png,Good
PBS_WQLN,WQLN,PBS PA Erie (WQLN) [54.1],WQLN,"Erie, PA",Erie,PA,54.1,510541,29145,06da2246-91c2-46a6-b78d-2b9f91bd0840,https://image.pbs.org/stations/wqln-color-single-brand-logo-riys76F.png,https://image.pbs.org/stations/wqln-white-single-brand-logo-uOxWDhq.png,Good
PBS_WITF,WITF,PBS PA Harrisburg (WITF) [33.1],WITF,"Harrisburg, PA",Harrisburg,PA,33.1,510331,19610,6b45b1e5-671e-439a-8673-ad21a5e56f32,https://image.pbs.org/stations/witf-color-cobranded-logo-bUWb4nH.png,https://image.pbs.org/stations/witf-white-cobranded-logo-qTfMAMO.png,Good
PBS_WHYY,WHYY,PBS PA Philadelphia (WHYY) [12.1],WHYY,"Philadelphia, PA",Philadelphia,PA,12.1,510121,24114,6e441aa1-51ab-4ecd-a1dc-bc99da43c3ed,https://image.pbs.org/stations/whyy-color-cobranded-logo-0kQDUFJ.png,https://image.pbs.org/stations/whyy-white-cobranded-logo-5EzIc7A.png,Good
PBS_WQED,WQED,PBS PA Pittsburgh (WQED) [13.1],WQED Multimedia,"Pittsburgh, PA",Pittsburgh,PA,13.1,510131,51809,9f860866-5985-487e-8191-0a2c49d5d6bb,https://image.pbs.org/stations/wqed-color-single-brand-logo-JGjB8Vg.png,https://image.pbs.org/stations/wqed-white-single-brand-logo-JdTlVtI.png,Good
PBS_WVIA,WVIA,PBS PA Scranton (WVIA) [44.1],WVIA Public Media,"Scranton, PA",Scranton,PA,44.1,510441,25152,951e97d7-7c2c-45c0-abff-261c852fcb7d,https://image.pbs.org/stations/wvia-color-cobranded-logo-rrFa2LP.png,https://image.pbs.org/stations/wvia-white-cobranded-logo-UgTkoml.png,Good
PBS_WPSU,WPSU,PBS PA University Park (WPSU) [3.1],WPSU,"University Park, PA",University Park,PA,3.1,510031,45799,dfef8386-9db4-41b2-97ab-82cdce4a19be,https://image.pbs.org/stations/wpsu-color-cobranded-logo-htGvj41.png,https://image.pbs.org/stations/wpsu-white-cobranded-logo-y2cMej3.png,Good
PBS_WMTJ,WMTJ,PBS PR Fajardo (WMTJ) [40.1],Sistema TV,"Fajardo, PR",Fajardo,PR,40.1,520061,63792,b1464952-9a9b-41d2-9135-02e86eff47a6,https://image.pbs.org/stations/wmtj-color-single-brand-logo-HIjZwwu.png,https://image.pbs.org/stations/wmtj-white-single-brand-logo-OnIfKH7.png,Good
PBS_WIPR,WIPR,PBS PR San Juan (WIPR) [6.1],WIPR,"San Juan, PR",San Juan,PR,6.1,520401,63811,85f7be38-0779-449e-813b-001d4cbff8e0,https://image.pbs.org/stations/wipr-white-single-brand-logo-C8oNdqx.png,https://image.pbs.org/stations/wipr-white-single-brand-logo-C8oNdqx.png,Broken
PBS_WSBE,WSBE,PBS RI Providence (WSBE) [36.1],Rhode Island PBS,"Providence, RI",Providence,RI,36.1,530361,52389,e17b0ab2-e59c-4281-81d3-0aba4db16dc9,https://image.pbs.org/stations/wsbe-color-single-brand-logo-oTm7xGd.png,https://image.pbs.org/stations/wsbe-white-single-brand-logo-4a7AOCR.png,Good
PBS_WRLK,WRLK,PBS SC Columbia (WRLK) [35.1],SCETV,"Columbia, SC",Columbia,SC,35.1,540351,21896,50ac3de0-09e0-43db-8bb6-d83826fd637c,https://image.pbs.org/stations/wrlk-color-single-brand-logo-AJhI6Sj.png,https://image.pbs.org/stations/wrlk-white-single-brand-logo-UeURhjO.png,Good
PBS_KUSD,KUSD,PBS SD Vermillion (KUSD) [2.1],SDPB,"Vermillion, SD",Vermillion,SD,2.1,550021,44246,1a8001d3-46cc-420b-8161-fd19578f8675,https://image.pbs.org/stations/kusd-color-single-brand-logo-vQJiI7c.png,https://image.pbs.org/stations/kusd-white-single-brand-logo-Z1JP42I.png,Good
PBS_WTCI,WTCI,PBS TN Chattanooga (WTCI) [45.1],WTCI,"Chattanooga, TN",Chattanooga,TN,45.1,560451,35824,50833393-c4b6-4c79-9d6d-24a7e30dc19e,https://image.pbs.org/stations/wtci-color-cobranded-logo-JoMIHXF.png,https://image.pbs.org/stations/wtci-white-cobranded-logo-udZMTsE.png,Good
PBS_WCTE,WCTE,PBS TN Cookeville (WCTE) [22.1],WCTE Central Tennessee PBS,"Cookeville, TN",Cookeville,TN,22.1,560221,44516,f551ddb2-28d0-45ba-a5e6-33daa55990f6,https://image.pbs.org/stations/wcte-color-single-brand-logo-p0cCp28.png,https://image.pbs.org/stations/wcte-white-single-brand-logo-v09swqx.png,Good
PBS_WETP,WETP,PBS TN Knoxville (WETP) [2.1],East Tennessee PBS,"Knoxville, TN",Knoxville,TN,2.1,560111,35562,c65964f8-23e4-4080-9bd0-7d8e66af698d,https://image.pbs.org/stations/wetp-color-cobranded-logo-JMeYFqi.png,https://image.pbs.org/stations/wetp-white-cobranded-logo-wM1CrLD.png,Good
PBS_WLJT,WLJT,PBS TN Lexington (WLJT) [11.1],West TN PBS,"Lexington, TN",Lexington,TN,11.1,560101,43419,0afd0cce-f52c-4e96-baac-f05ffdf9560c,https://image.pbs.org/stations/wljt-color-cobranded-logo-5llShX7.png,https://image.pbs.org/stations/wljt-white-cobranded-logo-WvH1fB8.png,Good
PBS_WKNO,WKNO,PBS TN Memphis (WKNO) [10.1],WKNO/Channel 10,"Memphis, TN",Memphis,TN,10.1,560021,44645,6b3ba9b1-843d-4c44-a8e3-fada6005f081,https://image.pbs.org/stations/wkno-color-single-brand-logo-oORgOjQ.png,https://image.pbs.org/stations/wkno-white-single-brand-logo-mh1kUlh.png,Good
PBS_WNPT,WNPT,PBS TN Nashville (WNPT) [8.1],Nashville PBS,"Nashville, TN",Nashville,TN,8.1,560081,42549,42559186-b19b-45b5-9861-078ec38bb981,https://image.pbs.org/stations/wnpt-color-cobranded-logo-MnkcP5l.png,https://image.pbs.org/stations/wnpt-white-cobranded-logo-gX4M66K.png,Good
PBS_KACV,KACV,PBS TX Amarillo (KACV) [2.1],Panhandle PBS,"Amarillo, TX",Amarillo,TX,2.1,580021,49769,838f7279-cacf-4561-bd33-ac9a4b1429e8,https://image.pbs.org/stations/kacv-color-cobranded-logo-9QRdiRS.png,https://image.pbs.org/stations/kacv-white-cobranded-logo-uC5eWFv.png,Good
PBS_KLRU,KLRU,PBS TX Austin (KLRU) [18.1],"Austin PBS, KLRU-TV","Austin, TX",Austin,TX,18.1,580181,35500,4afb5e16-16d0-4803-bc68-70b7816d6c7c,https://image.pbs.org/stations/klru-color-cobranded-logo-BWySPnV.png,https://image.pbs.org/stations/klru-white-cobranded-logo-VYW7NTQ.png,Good
PBS_KAMU,KAMU,PBS TX College Station (KAMU) [12.1],KAMU-TV/FM,"College Station, TX",College Station,TX,12.1,580121,34692,ef3867c9-4da7-4704-9855-10308b3afe4c,https://image.pbs.org/stations/kamu-color-cobranded-logo-HdqHnfu.png,https://image.pbs.org/stations/kamu-white-cobranded-logo-UvHHIA6.png,Good
PBS_KEDT,KEDT,PBS TX Corpus Christi (KEDT) [16.1],KEDT/Channel 16,"Corpus Christi, TX",Corpus Christi,TX,16.1,580161,36065,0388c35d-d833-4259-9cfb-6af2d269a470,https://image.pbs.org/stations/kedt-color-single-brand-logo-N1NeaSt.png,https://image.pbs.org/stations/kedt-white-single-brand-logo-yQ7cP1c.png,Good
PBS_KERA,KERA,PBS TX Dallas (KERA) [13.1],KERA,"Dallas, TX",Dallas,TX,13.1,580131,20372,b3291387-78a4-41e1-beb0-da2f61a96a3e,https://image.pbs.org/stations/kera-color-single-brand-logo-Vorsfue.png,https://image.pbs.org/stations/kera-white-single-brand-logo-CjtUTVt.png,Good
PBS_KCOS,KCOS,PBS TX El Paso (KCOS) [13.1],PBS El Paso,"El Paso, TX",El Paso,TX,13.1,581131,43992,7580dff9-9bd6-4732-8273-eaa5a1deba1f,https://image.pbs.org/stations/kcos-color-cobranded-logo-mT9VNEf.png,https://image.pbs.org/stations/kcos-white-cobranded-logo-D7HJs1r.png,Good
PBS_KUHT,KUHT,PBS TX Houston (KUHT) [8.1],Houston Public Media TV 8,"Houston, TX",Houston,TX,8.1,581081,26193,a0c19534-b8cd-4d9f-8856-442a473c4aff,https://image.pbs.org/stations/kuht-color-cobranded-logo-14uuVsD.png,https://image.pbs.org/stations/kuht-white-cobranded-logo-o5zxIEX.png,Good
PBS_KTTZ,KTTZ,PBS TX Lubbock (KTTZ) [5.1],KTTZ,"Lubbock, TX",Lubbock,TX,5.1,580051,43521,5d26e51d-d6bf-4044-aeb4-0082f0ba86d9,https://image.pbs.org/stations/kttz-color-cobranded-logo-wjlVaMg.png,https://image.pbs.org/stations/kttz-white-cobranded-logo-ejkYz1v.png,Good
PBS_KPBT,KPBT,PBS TX Midland (KPBT) [36.1],Basin PBS,"Midland, TX",Midland,TX,36.1,580361,43714,d6f648b1-b823-43e5-9389-70e51e30cbf3,https://image.pbs.org/stations/kpbt-color-cobranded-logo-5U7PbCB.png,https://image.pbs.org/stations/kpbt-white-cobranded-logo-MOyPDva.png,Good
PBS_KLRN,KLRN,PBS TX San Antonio (KLRN) [8.1],KLRN,"San Antonio, TX",San Antonio,TX,8.1,580081,33492,ee754c65-49eb-4f8b-a9be-6061442b0f49,https://image.pbs.org/stations/klrn-color-single-brand-logo-9XKiQz6.png,https://image.pbs.org/stations/klrn-white-single-brand-logo-Ib8nXse.png,Good
PBS_KUED,KUED,PBS UT Salt Lake City (KUED) [7.1],PBS Utah,"Salt Lake City, UT",Salt Lake City,UT,7.1,590071,28022,b0784447-7908-43f6-b188-9d6a30102ea3,https://image.pbs.org/stations/kued-color-cobranded-logo-lQKDiK1.png,https://image.pbs.org/stations/kued-white-cobranded-logo-PiqaEyX.png,Good
PBS_WETA,WETA,PBS VA Arlington (WETA) [26.1],WETA,"Arlington, VA",Arlington,VA,26.1,600261,19581,92d89794-5ff0-4fe6-a443-cc888104e021,https://image.pbs.org/stations/weta-color-cobranded-logo-tTSlzHE.png,https://image.pbs.org/stations/weta-white-cobranded-logo-6xDbLCA.png,Good
PBS_WHRO,WHRO,PBS VA Norfolk (WHRO) [15.1],WHRO,"Norfolk, VA",Norfolk,VA,15.1,600151,31777,47568125-b3c7-4f5f-8c35-d27027113102,https://image.pbs.org/stations/whro-color-single-brand-logo-cjvMiRb.png,https://image.pbs.org/stations/whro-white-single-brand-logo-HEU03xS.png,Good
PBS_WCVE,WCVE,PBS VA Richmond (WCVE) [23.1],VPM,"Richmond, VA",Richmond,VA,23.1,600231,43782,86532025-6a98-4ed7-87ef-cce5615bfcf0,https://image.pbs.org/stations/wcve-color-cobranded-logo-jEoG9w5.png,https://image.pbs.org/stations/wcve-white-cobranded-logo-5kqjZvI.png,Good
PBS_WBRA,WBRA,PBS VA Roanoke (WBRA) [15.1],Blue Ridge PBS,"Roanoke, VA",Roanoke,VA,15.1,601151,34698,8995ff93-ac9d-4ece-8fe3-ae355d05f380,https://image.pbs.org/stations/wbra-color-cobranded-logo-7iIKCK5.png,https://image.pbs.org/stations/wbra-white-cobranded-logo-A0yLuV4.png,Good
PBS_WTJX,WTJX,PBS VI Christiansted (WTJX) [12.1],WTJX Channel 12,"Christiansted, VI",Christiansted,VI,12.1,610121,49241,1df55a66-92a1-400f-9854-937a1fd7a5d9,https://image.pbs.org/stations/wtjx-color-cobranded-logo-xsYbAvR.png,https://image.pbs.org/stations/wtjx-white-cobranded-logo-AxbgMSE.png,Good
PBS_WETK,WETK,PBS VT Winooski (WETK) [33.1],Vermont Public,"Winooski, VT",Winooski,VT,33.1,620331,55052,3bef3c0b-a9c5-4585-ab56-29b462da5c7c,https://image.pbs.org/stations/wetk-color-single-brand-logo-f1F43CM.png,https://image.pbs.org/stations/wetk-white-single-brand-logo-geC3i3r.png,Good
PBS_KWSU,KWSU,PBS WA Pullman (KWSU) [10.1],Northwest Public Broadcasting,"Pullman, WA",Pullman,WA,10.1,630101,54477,3d095c51-58a0-452e-af6d-4812b79c3c04,https://image.pbs.org/stations/kwsu-color-single-brand-logo-BYTCXGb.png,https://image.pbs.org/stations/kwsu-white-single-brand-logo-Bw6fSXW.png,Good
PBS_KCTS,KCTS,PBS WA Seattle (KCTS) [9.1],Cascade PBS,"Seattle, WA",Seattle,WA,9.1,630091,19631,271a9ab7-e9ed-4fec-9fe9-e46c97a3f8f0,https://image.pbs.org/stations/kcts-color-cobranded-logo-lBlyOon.png,https://image.pbs.org/stations/kcts-white-cobranded-logo-IMT2lKo.png,Good
PBS_KSPS,KSPS,PBS WA Spokane (KSPS) [7.1],KSPS Public Television,"Spokane, WA",Spokane,WA,7.1,630071,34339,3c8c7461-f130-483a-9b6c-84dbae163c07,https://image.pbs.org/stations/ksps-color-cobranded-logo-dHfDNhc.png,https://image.pbs.org/stations/ksps-white-cobranded-logo-SvlHKQX.png,Good
PBS_KBTC,KBTC,PBS WA Tacoma (KBTC) [28.1],KBTC Public Television,"Tacoma, WA",Tacoma,WA,28.1,630281,34635,79a490c8-0603-4aa5-9126-81a947c47db0,https://image.pbs.org/stations/kbtc-color-cobranded-logo-UQTavrW.png,https://image.pbs.org/stations/kbtc-white-cobranded-logo-k6fmxzr.png,Good
PBS_WPNE,WPNE,PBS WI Madison (WPNE) [38.1],PBS Wisconsin,"Madison, WI",Madison,WI,38.1,640381,35645,a3a25e36-3ba3-40b4-990f-7460511f0127,https://image.pbs.org/stations/wpne-color-cobranded-logo-J5MrZBr.png,https://image.pbs.org/stations/wpne-white-cobranded-logo-2CeyCvd.png,Good
PBS_WMVS,WMVS,PBS WI Milwaukee (WMVS) [10.1],Milwaukee PBS,"Milwaukee, WI",Milwaukee,WI,10.1,640101,19633,27146fbb-5f51-4924-9e00-bb46e89e18a8,https://image.pbs.org/stations/wmvs-color-cobranded-logo-f5TXVFT.png,https://image.pbs.org/stations/wmvs-white-cobranded-logo-oM8pNNF.png,Good
PBS_WVPB,WVPB,PBS WV Charleston (WVPB) [33.1],West Virginia Public Broadcasting,"Charleston, WV",Charleston,WV,33.1,650331,30331,f36a8eaa-cc11-4e0d-a3c1-638b9ebd3023,https://image.pbs.org/stations/wvpb-color-single-brand-logo-IGwVvz9.png,https://image.pbs.org/stations/wvpb-white-single-brand-logo-dlPf8zc.png,Good
PBS_KCWC,KCWC,PBS WY Riverton (KCWC) [4.1],Wyoming PBS,"Riverton, WY",Riverton,WY,4.1,660041,33698,84b31db3-3cd6-442f-b87b-1ec11d54259d,https://image.pbs.org/stations/kcwc-color-cobranded-logo-R6oT2bE.png,https://image.pbs.org/stations/kcwc-white-cobranded-logo-j1C5dir.png,Good
